place,average_index,max_index,min_index
"Amsterdam, Netherlands",33.2030805631392,90.60240964,1.5394913000000001
"Copenhagen , Netherlands",32.86019147601955,82.03926817666667,8.460508700000002
"Berlin , Germany",34.861398207474345,90.11601963333332,1.630049611764706
"Basel , Switzerland",30.366726339442234,82.86235852818183,1.0263275333333337
"Freiburg , Germany",34.72475092357585,88.45381526000001,2.7710843400000007
"Strasbourg , France",29.746038494997343,89.72461273857142,1.0263275333333333
