place,Average index,max index,min index
"Amsterdam, Netherlands",33.459714681748835,90.60240964,1.5394912999999997
"Copenhagen Municipality, Denmark",36.19954416366303,79.67871488,1.847389560000001
